Workbook

Sheet Ancienneté – SD 
C5: Étiquettes de lignes | D5: Nombre d'employés | E5: Pourcentage d'employés
C6: 1,5966-4,5966 | D6: 3 | E6: 0.013333333
C7: 4,5966-7,5966 | D7: 23 | E7: 0.10222222
C8: 7,5966-10,5966 | D8: 38 | E8: 0.16888889
C9: 10,5966-13,5966 | D9: 76 | E9: 0.33777778
C10: 13,5966-16,5966 | D10: 54 | E10: 0.24
C11: 16,5966-19,5966 | D11: 22 | E11: 0.097777778
C12: 19,5966-22,5966 | D12: 8 | E12: 0.035555556
C13: 22,5966-25,5966 | D13: 1 | E13: 0.0044444444
C14: Total général | D14: 225 | E14: 1
C18: REPARTITION DES 225 EMPLOYÉS D'ABUS INC SELON LEURS ANCIENNETÉS
C20: Ancienneté | D20: Nombre d'employés | E20: Pourcentage d'employés
C21: [1,60 - 4,60[ | D21: 3 | E21: =D21/$D$29 -> 0.013333333 | F21: =E21 -> 0.013333333
C22: [4,60 - 7,60[ | D22: 23 | E22: =D22/$D$29 -> 0.10222222 | F22: =F21+E22 -> 0.11555556
C23: [7,60 - 10,60[ | D23: 38 | E23: =D23/$D$29 -> 0.16888889 | F23: =F22+E23 -> 0.28444444
C24: [10,60 - 13,60[ | D24: 76 | E24: =D24/$D$29 -> 0.33777778 | F24: =F23+E24 -> 0.62222222
C25: [13,60 - 16,60[ | D25: 54 | E25: =D25/$D$29 -> 0.24 | F25: =F24+E25 -> 0.86222222
C26: [16,60 - 19,60[ | D26: 22 | E26: =D26/$D$29 -> 0.097777778 | F26: =F25+E26 -> 0.96
C27: [19,60 - 22,60[ | D27: 8 | E27: =D27/$D$29 -> 0.035555556 | F27: =F26+E27 -> 0.99555556
C28: [22,60 - 25,60[ | D28: 1 | E28: =D28/$D$29 -> 0.0044444444 | F28: =F27+E28 -> 1
C29: Total géneral | D29: =SUM(D21:D28) -> 225 | E29: =D29/$D$29 -> 1
C55: Moyenne Xbarre | D55: =AVERAGE('Abus inc.'!B5:B229) -> 12.580915 | E55: années
C56: Écart-type | D56: =_xlfn.STDEV.S('Abus inc.'!B5:B229) -> 3.8349052 | E56: années
C57: Coéfficient de variation | D57: =(D56/D55) -> 0.30481927
C58: Mediane | D58: =MEDIAN('Abus inc.'!B5:B229) -> 12.5772 | E58: années

Sheet  Rébellion – SD
B2: Somme de 1 - Attitude négative | C2: Somme de 2 - Refus de l'autorité | D2: Somme de 3 - Bris intentionnels | E2: Somme de 4 - Agression | F2: Somme de 5 - Harcèlement
A3: Nombre d'employés | B3: 76 | C3: 35 | D3: 11 | E3: 3 | F3: 21
B6: Répartition des actes de rébellion commis par les 225 employés d'Abus inc
B8: Acte de rébellion | C8: Nombre d'acte de rebellion | D8: Pourcentage (%)
B9: ='Abus inc.'!E4 -> 1 - Attitude négative | C9: =B3 -> 76 | D9: =C9/$C$14 -> 0.52054795
B10: ='Abus inc.'!F4 -> 2 - Refus de l'autorité | C10: =C3 -> 35 | D10: =C10/$C$14 -> 0.23972603
B11: ='Abus inc.'!G4 -> 3 - Bris intentionnels | C11: =D3 -> 11 | D11: =C11/$C$14 -> 0.075342466
B12: ='Abus inc.'!H4 -> 4 - Agression | C12: =E3 -> 3 | D12: =C12/$C$14 -> 0.020547945
B13: ='Abus inc.'!I4 -> 5 - Harcèlement | C13: =F3 -> 21 | D13: =C13/$C$14 -> 0.14383562
B14: Total | C14: =SUM(C9:C13) -> 146 | D14: =C14/$C$14 -> 1

Sheet  Ancienneté – Absence
A3: coefficient de corrélation linéaire | D3: R= | E3: =CORREL('Abus inc.'!B5:B229,'Abus inc.'!C5:C229) -> -0.7256313 | F3: =ABS(E3) -> 0.7256313
A24: Prediction pour un employé qui a 20,55 années d'ancienneté | G24: =FORECAST(20.55,'Abus inc.'!C5:C229,'Abus inc.'!B5:B229) -> 8.4489421 | H24: jours d'absences
A26: Prediction pour un employé qui a 42 années d'ancienneté | G26: =FORECAST(42,'Abus inc.'!C5:C229,'Abus inc.'!B5:B229) -> -32.763089 | H26: jours d'absences : valeur négative, donc impossible. 42 années se situe hors de la plage observée (1,60 à 24,08 années), où le modèle n'est pas valide. Aucune prédiction fiable n'est possible à cette valeur.
A29: Calculons la pente | E29: =SLOPE('Abus inc.'!C5:C229,'Abus inc.'!B5:B229) -> -1.9213068
A33: Determinons le coefficient de determination | E33: =RSQ('Abus inc.'!C5:C229,'Abus inc.'!B5:B229) -> 0.52654078

Sheet Sexe-Rebellion
A3: Sexe | B3: Nombre de 0 - Aucun | C3: Somme de Total des actes de rébellion
A4: Femme | B4: 61 | C4: 16
A5: Homme | B5: 164 | C5: 130
A6: Total général | B6: 225 | C6: 146
A9: Répartition des actes de rebellion des 225 employés selon leurs sexes
A11: Sexe | B11: Aucun | C11: Au moins un acte de rebellion | D11: Total
A12: Femme | B12: 52 | C12: 9 | D12: =SUM(B12:C12) -> 61
A13: Homme | B13: 115 | C13: 49 | D13: =SUM(B13:C13) -> 164
A14: Total général | B14: =SUM(B12:B13) -> 167 | C14: =SUM(C12:C13) -> 58 | D14: =SUM(B14:C14) -> 225
A18: FORMULATION DES HYPOTHÈSES
A19: H0 | B19: IL N'EXISTE PAS UN LIEN ENTRE LE SEXE DE L'EMPLOYÉ ET L'EXECUTION D'UN ACTE DE REBELLION
A20: H1 | B20: IL EXISTE UN LIEN ENTRE LE SEXE DE L'EMPLOYÉ ET L'EXECUTION D'UN ACTE DE REBELLION
A23: CALCUL DES EFFECTIFS THÉORIQUES
A25: Sexe | B25: Aucun | C25: Au moins un acte de rebellion
A26: Femme | B26: =(D12*B14)/D14 -> 45.275556 | C26: =(D12*C14)/D14 -> 15.724444
A27: Homme | B27: =(D13*B14)/D14 -> 121.72444 | C27: =(D13*C14)/D14 -> 42.275556
A29: VERIFICATION DE LA CONDITION D'APPLICATION DU TEST
B31: T >= 5
A35: CALCUL DU KHI-DEUX
A36: Cellule | B36: Observé | C36: Théorique | D36: (O-T)²/T
A37: Femme, Aucun | B37: =B12 -> 52 | C37: =B26 -> 45.275556 | D37: =(B37-C37)^2/C37 -> 0.99873215
A38: Homme, aucun | B38: =B13 -> 115 | C38: =B27 -> 121.72444 | D38: =(B38-C38)^2/C38 -> 0.37147964
A39: Femme, AR | B39: =C12 -> 9 | C39: =C26 -> 15.724444 | D39: =(B39-C39)^2/C39 -> 2.8756598
A40: Homme, AR | B40: =C13 -> 49 | C40: =C27 -> 42.275556 | D40: =(B40-C40)^2/C40 -> 1.0696052
A41: χ2 (Khi-deux calculé) | D41: =SUM(D37:D40) -> 5.3154768
A43: Regle de decision | B43: on rejette h0 si X2 calculé>X2critique
A44: Seuil de signification | B44: 0.1
A45: X2 CALCULÉ | B45: =D41 -> 5.3154768
A46: X2 CRITIQUE | B46: =_xlfn.CHISQ.INV.RT(0.1,1) -> 2.7055435
A48: Prise de decision
A49: Comme le χ2 calculé (5,32) est supérieur au χ2 critique (2,71), nous rejetons H0.
A50: Au seuil de signification de 10 %, il existe une évidence statistique d'un lien entre le sexe de l'employé et l'exécution d'un acte de rébellion. Le seuil observé vaut 0,021 : la conclusion tiendrait aussi au seuil de 5 %. Sur 61 femmes, 9 ont commis au moins un acte (14,8 %) ; sur 164 hommes, 49 (29,9 %).

Sheet Ancienneté IC
A1: 1-Éléments connus
A3: Niveau de confiance | D3: =0.97 -> 0.97
A4: n | D4: 225
A5: Moyenne(x barre) | D5: ='Ancienneté – SD '!D55 -> 12.580915
A6: Ecart type(s) | D6: ='Ancienneté – SD '!D56 -> 3.8349052
A7: N | D7: 421
A8: 1 Loi de probabilité suivi par X barre
A9: X Suit une loi normale car n=225>30 | D9: X suit N (12,58, 3,83 au carré)
A11: 3 et 4 Calculons L'ecart type de Xbarre et la marge d'erreur = | D11: =_xlfn.CONFIDENCE.NORM(0.03,D6,D4)*SQRT((D7-D4)/(D7-1)) -> 0.3790047 | F11: Z= | G11: 2.17
A13: 4 Calculons les bornes | C13: Xbarre + E | D13: =D5+D11 -> 12.959919
C14: Xbarre - E | D14: =D5-D11 -> 12.20191
A16: 5 Interpretation
A18: Il y a 97 % de chances que l'ancienneté moyenne de l'ensemble des employés d'Abus inc. se situe entre 12,20 et 12,96 années. La correction de population finie s'applique parce que l'échantillon couvre 53,4 % de la population : sans elle, l'intervalle serait de 12,03 à 13,14 années, soit 32 % plus large que nécessaire.

Sheet Abus inc.
A1: ÉCHANTILLON DE 225 EMPLOYÉS DE LA COMPAGNIE ABUS INC.
C2: =MAX(B5:B229) -> 24.0777 | D2: =C2-C3 -> 22.4811
C3: =MIN(B5:B229) -> 1.5966 | D3: ACTES DE RÉBELLION
A4: Sexe | B4: Ancienneté (en années) | C4: Nombre de jours d’absence (de courte durée de moins de 5 jours consécutifs) | D4: 0 - Aucun | E4: 1 - Attitude négative | F4: 2 - Refus de l'autorité | G4: 3 - Bris intentionnels | H4: 4 - Agression | I4: 5 - Harcèlement | J4: Total des actes de rébellion
A5: Femme | B5: 11.3764 | C5: 26 | D5: 1 | E5: 0 | F5: 0 | G5: 0 | H5: 0 | I5: 0 | J5: =SUM(E5:I5) -> 0
A6: Homme | B6: 10.326 | C6: 29 | D6: 0 | E6: 0 | F6: 2 | G6: 0 | H6: 0 | I6: 0 | J6: =SUM(E6:I6) -> 2
A7: Homme | B7: 12.5166 | C7: 25 | D7: 1 | E7: 0 | F7: 0 | G7: 0 | H7: 0 | I7: 0 | J7: =SUM(E7:I7) -> 0
A8: Femme | B8: 14.12 | C8: 26 | D8: 1 | E8: 0 | F8: 0 | G8: 0 | H8: 0 | I8: 0 | J8: =SUM(E8:I8) -> 0 | N8: =_xlfn.FORECAST.LINEAR(20.55,B5:B229,C5:C229) -> 13.460626
A9: Femme | B9: 14.0055 | C9: 23 | D9: 1 | E9: 0 | F9: 0 | G9: 0 | H9: 0 | I9: 0 | J9: =SUM(E9:I9) -> 0
A10: Femme | B10: 16.3424 | C10: 0 | D10: 1 | E10: 0 | F10: 0 | G10: 0 | H10: 0 | I10: 0 | J10: =SUM(E10:I10) -> 0
A11: Homme | B11: 17.2561 | C11: 15 | D11: 0 | E11: 4 | F11: 0 | G11: 0 | H11: 0 | I11: 0 | J11: =SUM(E11:I11) -> 4
A12: Homme | B12: 11.1588 | C12: 29 | D12: 1 | E12: 0 | F12: 0 | G12: 0 | H12: 0 | I12: 0 | J12: =SUM(E12:I12) -> 0
A13: Homme | B13: 14.0886 | C13: 21 | D13: 1 | F13: 0 | G13: 0 | H13: 0 | I13: 0 | J13: =SUM(E13:I13) -> 0
A14: Homme | B14: 13.0914 | C14: 24 | D14: 1 | E14: 0 | F14: 0 | G14: 0 | H14: 0 | I14: 0 | J14: =SUM(E14:I14) -> 0
A15: Homme | B15: 12.2659 | C15: 25 | D15: 1 | E15: 0 | F15: 0 | G15: 0 | H15: 0 | I15: 0 | J15: =SUM(E15:I15) -> 0
A16: Homme | B16: 13.4942 | C16: 21 | D16: 1 | E16: 0 | F16: 0 | G16: 0 | H16: 0 | I16: 0 | J16: =SUM(E16:I16) -> 0
A17: Homme | B17: 21.7245 | C17: 9 | D17: 1 | E17: 0 | F17: 0 | G17: 0 | H17: 0 | I17: 0 | J17: =SUM(E17:I17) -> 0
A18: Homme | B18: 8.3959 | C18: 30 | D18: 0 | E18: 5 | F18: 0 | G18: 0 | H18: 0 | I18: 0 | J18: =SUM(E18:I18) -> 5
A19: Femme | B19: 15.1779 | C19: 17 | D19: 1 | E19: 0 | F19: 0 | G19: 0 | H19: 0 | I19: 0 | J19: =SUM(E19:I19) -> 0
A20: Homme | B20: 5.6805 | C20: 44 | D20: 1 | E20: 0 | F20: 0 | G20: 0 | H20: 0 | I20: 0 | J20: =SUM(E20:I20) -> 0
A21: Femme | B21: 6.7933 | C21: 33 | D21: 0 | E21: 0 | F21: 0 | G21: 2 | H21: 0 | I21: 0 | J21: =SUM(E21:I21) -> 2
A22: Femme | B22: 9.2334 | C22: 31 | D22: 1 | E22: 0 | F22: 0 | G22: 0 | H22: 0 | I22: 0 | J22: =SUM(E22:I22) -> 0
A23: Femme | B23: 13.4853 | C23: 26 | D23: 1 | E23: 0 | F23: 0 | G23: 0 | H23: 0 | I23: 0 | J23: =SUM(E23:I23) -> 0
A24: Homme | B24: 17.4498 | C24: 18 | D24: 1 | E24: 0 | F24: 0 | G24: 0 | H24: 0 | I24: 0 | J24: =SUM(E24:I24) -> 0
A25: Femme | B25: 16.1817 | C25: 16 | D25: 0 | E25: 0 | F25: 0 | G25: 0 | H25: 0 | I25: 2 | J25: =SUM(E25:I25) -> 2
... A229: Femme | B229: 17.7115 | C229: 13 | D229: 0 | E229: 1 | F229: 0 | G229: 0 | H229: 0 | I229: 0 | J229: =SUM(E229:I229) -> 1
I230: total | J230: =SUM(J5:J229) -> 146

Sheet Manoeuvres beaucerons
A1: ÉCHANTILLON DE 150 MANŒUVRES BEAUCERONS
A3: Salaire | B3: Expérience
A4: 11418.71 | B4: 2
A5: 14077.17 | B5: 3
A6: 20412.25 | B6: 3
A7: 17613.4 | B7: 4
A8: 18744.54 | B8: 4
A9: 21135.99 | B9: 4
A10: 25494.51 | B10: 5
A11: 23026.85 | B11: 5
A12: 24464.49 | B12: 5
A13: 21940.13 | B13: 5
A14: 27339.88 | B14: 6
A15: 26555.71 | B15: 6
... A153: 72330.04 | B153: 34

Sheet Salaires beaucerons
B2: Salaire | C2: Nombre de Salaire | D2: Nombre de Salaire2 | F2: CALCUL DES MESURES
B3: <20000 | C3: 5 | D3: 0.033333333 | F3: Taille (n) | G3: =C22 -> 150
B4: 20000-26000 | C4: 8 | D4: 0.053333333 | F4: Moyenne (x̄) | G4: =36300 -> 36300
B5: 26000-32000 | C5: 26 | D5: 0.17333333 | F5: Écart type (s) | G5: =9500 -> 9500
B6: 32000-38000 | C6: 48 | D6: 0.32
B7: 38000-44000 | C7: 40 | D7: 0.26666667 | F7: 1 Hypothese
B8: 44000-50000 | C8: 15 | D8: 0.1 | F8: H0 : Le salaire des manœuvres beaucerons suit une loi normale
B9: >50000 | C9: 8 | D9: 0.053333333 | F9: H1 : Le salaire des manœuvres beaucerons ne suit pas une loi normale
B10: Total général | C10: 150 | D10: 1
F11: 2 calcul des effectifs théoriques
B12: REPARTITION DES 150 MANOEUVRES BEAUCERONS EN FONCTION DE LEURS SALAIRES | F12: Salaires | G12: Effectifs observés | H12: Pourcentage théoriques | I12: Effectifs théoriques | J12: (Écart O-T)^2 | K12: (O-T)^2/T X2 calculé
F13: <20000 | G13: =C15 -> 5 | H13: =_xlfn.NORM.DIST(20000,G4,G5,TRUE) -> 0.043100291 | I13: =$G$20*H13 -> 6.4650436 | J13: =(G13-I13)^2 -> 2.1463528 | K13: =J13/I13 -> 0.33199355
B14: Salaires | C14: Nombre de manoeuvres | D14: Pourcentage de Manoeuvres | F14: 20000-26000 | G14: =C16 -> 8 | H14: =_xlfn.NORM.DIST(26000,G4,G5,TRUE)-_xlfn.NORM.DIST(20000,G4,G5,TRUE) -> 0.096035442 | I14: =H14*$G$20 -> 14.405316 | J14: =(G14-I14)^2 -> 41.028077 | K14: =J14/I14 -> 2.8481205
B15: Moins de 20000 | C15: 5 | D15: =C15/$C$22 -> 0.033333333 | F15: 26000-32000 | G15: =C17 -> 26 | H15: =_xlfn.NORM.DIST(32000,G4,G5,TRUE)-_xlfn.NORM.DIST(26000,G4,G5,TRUE) -> 0.18627129 | I15: =H15*$G$20 -> 27.940694 | J15: =(G15-I15)^2 -> 3.7662942 | K15: =J15/I15 -> 0.13479601
B16: 2000-26000 | C16: =C4 -> 8 | D16: =C16/$C$22 -> 0.053333333 | F16: 32000-38000 | G16: =C18 -> 48 | H16: =_xlfn.NORM.DIST(38000,G4,G5,TRUE)-_xlfn.NORM.DIST(32000,G4,G5,TRUE) -> 0.24560346 | I16: =H16*$G$20 -> 36.840519 | J16: =(G16-I16)^2 -> 124.53402 | K16: =J16/I16 -> 3.3803548
B17: 26000-32000 | C17: =C5 -> 26 | D17: =C17/$C$22 -> 0.17333333 | F17: 38000-44000 | G17: =C19 -> 40 | H17: =_xlfn.NORM.DIST(44000,G4,G5,TRUE)-_xlfn.NORM.DIST(38000,G4,G5,TRUE) -> 0.22017064 | I17: =H17*$G$20 -> 33.025596 | J17: =(G17-I17)^2 -> 48.642309 | K17: =J17/I17 -> 1.472867
B18: 32000-38000 | C18: =C6 -> 48 | D18: =C18/$C$22 -> 0.32 | F18: 44000-50000 | G18: =C20 -> 15 | H18: =_xlfn.NORM.DIST(50000,G4,G5,TRUE)-_xlfn.NORM.DIST(44000,G4,G5,TRUE) -> 0.13418253 | I18: =H18*$G$20 -> 20.12738 | J18: =(G18-I18)^2 -> 26.290025 | K18: =J18/I18 -> 1.3061822
B19: 38000-44000 | C19: =C7 -> 40 | D19: =C19/$C$22 -> 0.26666667 | F19: >50000 | G19: =C21 -> 8 | H19: =1-_xlfn.NORM.DIST(50000,G4,G5,TRUE) -> 0.07463634 | I19: =H19*$G$20 -> 11.195451 | J19: =(G19-I19)^2 -> 10.210907 | K19: =J19/I19 -> 0.91205859
B20: 44000-50000 | C20: =C8 -> 15 | D20: =C20/$C$22 -> 0.1 | F20: Total géneral | G20: =SUM(G13:G19) -> 150 | H20: =SUM(H13:H19) -> 1 | I20: =SUM(I13:I19) -> 150 | K20: =SUM(K13:K19) -> 10.386373
B21: >50000 | C21: =C9 -> 8 | D21: =C21/$C$22 -> 0.053333333
B22: Total général | C22: =SUM(C15:C21) -> 150 | D22: =C22/$C$22 -> 1
F23: 3 Condition d'application du test: T>=5
F27: seuil de signification = | G27: 0.05
F28: 𝑑𝑙 = | G28: =7-1 -> 6 | H28: X2 Critique | I28: =_xlfn.CHISQ.INV.RT(G27,G28) -> 12.591587
F30: 4 Regle de décision | G30: Rejeter h0 si x2 calculé > x2 critique
F32: 5 Prise de décision
F33: Comme le χ2 calculé 10,39< χ2critique 12,59, nous acceptons H0.
F35: 6 Interpretation
F36: Au seuil de signification de 5 %, on ne peut pas rejeter H₀. Il n'y a pas d'évidence statistique permettant d'affirmer que le salaire des manœuvres œuvrant dans les usines de la région de la Beauce ne suit pas une loi normale de moyenne 36 300 $ et d'écart type 9 500 $. L'assertion du RPB est donc compatible avec les données de l'échantillon.
F45: 7-d Calculons le salaire maximal que gagnent les trois quarts des manoeuvres beaucerons
F46: Salaire maximal des trois quarts (75ᵉ centile) du modèle N(36 300 ; 9 500²)
F47: Salaire maximal du 3ᵉ quartile (Q₃ = 75ᵉ centile) : | I47: =_xlfn.NORM.INV(0.75,36300,9500) -> 42707.653
F48: INTERPRÉTATION : Selon le modèle N(36 300 ; 9 500²), 75 % des manœuvres beaucerons gagnent un salaire maximum de 42 707,65 $

Sheet Salaires Beaucerons Expérience 
A1: Salaires | B1: Expériences
A2: 36884.61 | B2: 11 | D2: Taille (n) | E2: =COUNTA(A2:A1048576) -> 108 | F2: Moyenne (x̄) | G2: =AVERAGE(A2:A109) -> 40614.645 | H2: Écart type (s) | I2: =_xlfn.STDEV.S(A2:A109) -> 7008.3375 | J2: Risque d'erreur | K2: 0.05
A3: 28677.28 | B3: 11
A4: 34106.41 | B4: 11 | D4: Valeur testé U | E4: 44000
A5: 33063.42 | B5: 11
A6: 33908.42 | B6: 11 | D6: 1 Formulations des hypothèses
A7: 32749.95 | B7: 11 | D7: H0: U= | E7: =E4 -> 44000
A8: 32226.81 | B8: 11 | D8: H1: U< | E8: =E7 -> 44000
A9: 36294.63 | B9: 11 | D9: 2 Condition du test | E9: Puisque n=108> 30, X suit une loi normale
A10: 35296.46 | B10: 11 | D10: 3 Écart-type population | E10: =I2/SQRT(E2) -> 674.37759
A11: 31558.64 | B11: 12
A12: 33249.99 | B12: 12 | D12: 4 Valeur critique | E12: =_xlfn.NORM.INV(0.05,E4,E10) -> 42890.748
A13: 35912.1 | B13: 12 | D13: 5 Enonciation de la règle de décision
A14: 36357.07 | B14: 12 | D14: Rejeter H0 si la xbarre est inférieure à 42890,75
A15: 30613.11 | B15: 12
A16: 31886.47 | B16: 12
A17: 34419.17 | B17: 12 | D17: 6 Prise de décision
A18: 36848.47 | B18: 12 | D18: Puisque Xbarre = 40614,64<42890,75 on rejette H0. au seuil de signification de 5% nous pouvons conclure que le salaire moyen des manoeuvres beaucerons est inferieur a 44000$.
A19: 34516.8 | B19: 12
A20: 36420.96 | B20: 12
A21: 38232.25 | B21: 12
A22: 38740.83 | B22: 12
A23: 37684.7 | B23: 12
A24: 33801.36 | B24: 12
A25: 39073.94 | B25: 13
A26: 32890.75 | B26: 13
A27: 35049.95 | B27: 13
A28: 31779.99 | B28: 13
A29: 34632.99 | B29: 13
A30: 36077.24 | B30: 13
... A109: 72330.04 | B109: 34

Sheet Kansas Vamal
A1: ÉCHANTILLON DE 2330 PIÈCES DE LA COMPAGNIE KANSAS VAMAL
A3: Conformité de la pièce 1 - Conforme 2 - Non conforme
A4: 1
A5: 1
A6: 1
A7: 1
A8: 1
A9: 1
A10: 1
A11: 1
A12: 1
A13: 1
A14: 1
A15: 1
... A2333: 2

Sheet Gabarit
A1: Dénombrement des pieces non conforme
A3: Étiquettes de lignes | B3: Nombre de Conformité de la pièce | C3: Nombre de Conformité de la pièce2
A4: 1 | B4: 2313 | C4: 0.99270386
A5: 2 | B5: 17 | C5: 0.0072961373
A6: Total général | B6: 2330 | C6: 1
A9: Piece | B9: Nombre | C9: Pourcentage
A10: 1 | B10: =GETPIVOTDATA("Nombre de Conformité de la pièce",$A$3,"Conformité de la pièce 1 - Conforme 2 - Non conforme",1) -> 2313 | C10: =B10/$B$12 -> 0.99270386
A11: 2 | B11: =GETPIVOTDATA("Nombre de Conformité de la pièce",$A$3,"Conformité de la pièce 1 - Conforme 2 - Non conforme",2) -> 17 | C11: =B11/$B$12 -> 0.0072961373
A12: Total | B12: =SUM(B10:B11) -> 2330 | C12: =SUM(C10:C11) -> 1
A15: Paramètres du test
A16: n | B16: 2330
A17: Proportion pi | B17: 0.73
A18: Seuil de signification (α) | B18: 0.06
A19: Z | B19: =_xlfn.NORM.S.INV(0.94) -> 1.5547736
A20: 1 Hypothese
A21: H0:pi= | B21: 0.005
A22: H1:pi> | B22: =B21 -> 0.005
A24: 2 condition du test
B25: 2330 | C25: n>30
A26: n*pi | B26: =2330*0.5 -> 1165 | C26: >500
A27: n(100-pi) | B27: =2330*99.5 -> 231835 | C27: >500
A28: P suit donc une loi normale
A30: 3 calcul de l'écart-type P
B31: =SQRT(0.5*(100-0.5)/2330) -> 0.146123
A32: 4 valeur critique du test
B33: =_xlfn.NORM.INV(0.94,0.5,B31) -> 0.72718818
A34: 5 regle de décision
A35: On rejette H0 si P> 0,7272
A37: 6 Prise de décision
A38: La proportion observé ddans l'échantillon P=17/2330 | C38: =17/2330 -> 0.0072961373
A40: 7 Interpretation
A41: Puisque 0,7296%>0,7272% On rejette H0
A42: Ecart = | B42: =0.7296-0.7272 -> 0.0024
A43: Avec un risque d'erreur de 6 %, les données indiquent que le pourcentage de pièces non conformes fournies par Kansas Vamal a augmenté significativement par rapport au 0,5 % habituel. Il serait donc judicieux pour Abus inc. d'entreprendre les démarches de recherche d'un nouveau fournisseur.
A48: d- On cherche P(p< 0,7296 %)
A49: Proportion observé = | B49: 0.7269
A50: pi= | B50: 0.5
A51: écart-type de P | B51: =B31 -> 0.146123
A53: P= | B53: =_xlfn.NORM.DIST(B49, B50, B51, TRUE) -> 0.93976471
